category;name;subtitle
AFTERSALE;Entretien;Entretien privé pour véhicule particulier
AFTERSALE;Pneu;Les pneumatiques, votre sécurité avant tout
AFTERSALE;Liquide de frein;Le liquide de frein, un élément majeur
AFTERSALE;Distribution;La courroie de distribution, pensez-y dès à présent
AFTERSALE;Fin garantie;Audi car check. Prolongez votre tranquillité
AFTERSALE;Contrôle technique;Contrôle technique : nous nous occupons de tout
AFTERSALE;Changement main VO;Saisissez une nouvelle occasion de vous faire plaisir
SECONDHANDCAR;A1;Puissante, originale et pleine de caractère, l'Audi A1 est le mix parfait entre élégance et sportivité. Chic et avant-gardiste, l'Audi A1 embarque un concentré de technologie dès son premier niveau de finition.
SECONDHANDCAR;A3;Un design dynamique aux lignes épurées, une mobilité connectée révélant une technologie avant-gardiste et une efficience hors du commun, l'Audi A3 regorge d'innovations dignes de la pionnière des compactes premium. Suivez votre instinct et découvrez pourquoi l'Audi A3 n'est pas une simple voiture, mais une création en avance sur son temps.
SECONDHANDCAR;A4;Combinaison parfaite entre l'élégance et la technologie, l'Audi A4 est un modèle synonyme de raffinement, de confort et d'efficience. Avec sa technologie embarquée, dont de multiples aides à la conduite et l'Audi virtual cockpit, l'Audi A4 redéfinit les standards. Une personnalité à découvrir.
SECONDHANDCAR;A5;Créée avec une âme, l'Audi A5 allie parfaitement style et dynamisme. Sa connectivité excelle, son élégance frappe, son raffinement passionne…
SECONDHANDCAR;A6;L'Audi A6 concilie une esthétique attractive, teintée de prestige, avec un confort sans concession et un vrai tempérament sportif. Une berline de passion qui ne laisse pas indifférent.
SECONDHANDCAR;A7;L'Audi A7 Sportback combine l'élégance pure d'une berline, la fonctionnalité d'une Avant et le dynamisme fascinant d'un coupé pour une efficience en toutes circonstances.
SECONDHANDCAR;Q2;Véhicule au caractère bien trempé, l'Audi Q2 réalise la synthèse parfaite entre coupé, SUV et citadine. Son style d'un nouveau genre est à la fois sportif, baroudeur et chic. Ce qui la rend tout simplement #untaggable.
SECONDHANDCAR;Q3;L'Audi Q3 reprend les codes du véhicule tout-terrain mais les réinterprète dans un style plus citadin. Avec sa silhouette athlétique, elle affiche clairement son tempérament sportif et pose des jalons dans tous les domaines techniques. L'Audi Q3 vous accompagne partout dans votre vie quotidienne.
SECONDHANDCAR;Q5;Baroudeuse et racée, l'Audi Q5 exprime toute sa polyvalence grâce à sa nouvelle transmission quattro ultra. En passant automatiquement de 4 à 2 roues motrices selon les situations, le quattro ultra garantit motricité et efficience en toutes conditions. À la clef, une expérience de conduite inédite sur le segment des SUV.
SECONDHANDCAR;Q7;L'Audi Q7 incarne la synthèse parfaite entre robustesse, sportivité, élégance et esthétique. Impressionnante par sa modularité, elle peut accueillir jusqu'à 7 passagers et offre des performances dignes d'une berline.
SECONDHANDCAR;TT;Sportive et dynamique, l'Audi TT incarne le plaisir de conduire. Son design de légende et ses performances offrent des sensations garanties. Dotée de l'Audi virtual cockpit, un tableau de bord entièrement digital de 12,3 pouces, elle vous offre l'efficience en toutes circonstances.
NEWCAR;A1;Puissante, originale et pleine de caractère, l'Audi A1 est le mix parfait entre élégance et sportivité. Chic et avant-gardiste, l'Audi A1 embarque un concentré de technologie dès son premier niveau de finition.
NEWCAR;A3;Un design dynamique aux lignes épurées, une mobilité connectée révélant une technologie avant-gardiste et une efficience hors du commun, l'Audi A3 regorge d'innovations dignes de la pionnière des compactes premium. Suivez votre instinct et découvrez pourquoi l'Audi A3 n'est pas une simple voiture, mais une création en avance sur son temps.
NEWCAR;A4;Combinaison parfaite entre l'élégance et la technologie, l'Audi A4 est un modèle synonyme de raffinement, de confort et d'efficience. Avec sa technologie embarquée, dont de multiples aides à la conduite et l'Audi virtual cockpit, l'Audi A4 redéfinit les standards. Une personnalité à découvrir.
NEWCAR;A5;Créée avec une âme, l'Audi A5 allie parfaitement style et dynamisme. Sa connectivité excelle, son élégance frappe, son raffinement passionne…
NEWCAR;A6;L'Audi A6 concilie une esthétique attractive, teintée de prestige, avec un confort sans concession et un vrai tempérament sportif. Une berline de passion qui ne laisse pas indifférent.
NEWCAR;A7;L'Audi A7 Sportback combine l'élégance pure d'une berline, la fonctionnalité d'une Avant et le dynamisme fascinant d'un coupé pour une efficience en toutes circonstances.
NEWCAR;Q2;Véhicule au caractère bien trempé, l'Audi Q2 réalise la synthèse parfaite entre coupé, SUV et citadine. Son style d'un nouveau genre est à la fois sportif, baroudeur et chic. Ce qui la rend tout simplement #untaggable.
NEWCAR;Q3;L'Audi Q3 reprend les codes du véhicule tout-terrain mais les réinterprète dans un style plus citadin. Avec sa silhouette athlétique, elle affiche clairement son tempérament sportif et pose des jalons dans tous les domaines techniques. L'Audi Q3 vous accompagne partout dans votre vie quotidienne.
NEWCAR;Q5;Baroudeuse et racée, l'Audi Q5 exprime toute sa polyvalence grâce à sa nouvelle transmission quattro ultra. En passant automatiquement de 4 à 2 roues motrices selon les situations, le quattro ultra garantit motricité et efficience en toutes conditions. À la clef, une expérience de conduite inédite sur le segment des SUV.
NEWCAR;Q7;L'Audi Q7 incarne la synthèse parfaite entre robustesse, sportivité, élégance et esthétique. Impressionnante par sa modularité, elle peut accueillir jusqu'à 7 passagers et offre des performances dignes d'une berline.
NEWCAR;TT;Sportive et dynamique, l'Audi TT incarne le plaisir de conduire. Son design de légende et ses performances offrent des sensations garanties. Dotée de l'Audi virtual cockpit, un tableau de bord entièrement digital de 12,3 pouces, elle vous offre l'efficience en toutes circonstances.